,precision,recall,f1-score,support
0,1.0,1.0,1.0,10.0
1,1.0,0.6666666666666666,0.8,9.0
2,0.7857142857142857,1.0,0.88,11.0
accuracy,0.9,0.9,0.9,0.9
macro avg,0.9285714285714285,0.8888888888888888,0.8933333333333334,30.0
weighted avg,0.9214285714285714,0.9,0.896,30.0
